{
  "year": 2023,
  "states": 51,
  "categories": 8,
  "category_counts": {
    "能源消费类": {
      "total": 36,
      "available": 35
    },
    "能源价格类": {
      "total": 16,
      "available": 16
    },
    "碳排放类": {
      "total": 12,
      "available": 12
    },
    "经济人口类": {
      "total": 4,
      "available": 4
    },
    "气候环境类": {
      "total": 3,
      "available": 3
    },
    "城市水资源类": {
      "total": 5,
      "available": 5
    },
    "航空出行类": {
      "total": 4,
      "available": 4
    },
    "废弃物管理类": {
      "total": 4,
      "available": 4
    }
  },
  "category_merge_weights": {
    "能源消费类": 0.16198176023309938,
    "能源价格类": 0.012247964617151854,
    "碳排放类": 0.17282324782884492,
    "经济人口类": 0.2209814552000537,
    "气候环境类": 0.06752895584696975,
    "城市水资源类": 0.01370103775740411,
    "航空出行类": 0.23093005815708909,
    "废弃物管理类": 0.11980552035938721
  },
  "top_state": "TX",
  "top_score": 100.0
}