{
  "year": 2023,
  "states": 51,
  "categories": 10,
  "category_counts": {
    "能源消费类": {
      "total": 38,
      "available": 37
    },
    "能源价格类": {
      "total": 16,
      "available": 16
    },
    "碳排放类": {
      "total": 9,
      "available": 9
    },
    "经济人口类": {
      "total": 4,
      "available": 4
    },
    "气候环境类": {
      "total": 4,
      "available": 4
    },
    "城市水资源类": {
      "total": 5,
      "available": 5
    },
    "航空出行类": {
      "total": 4,
      "available": 4
    },
    "废弃物管理类": {
      "total": 4,
      "available": 2
    },
    "比赛因素类": {
      "total": 3,
      "available": 3
    },
    "比赛间交通时间类": {
      "total": 2,
      "available": 2
    }
  },
  "category_merge_weights": {
    "能源消费类": 0.09327125880748184,
    "能源价格类": 0.007049763072087103,
    "碳排放类": 0.05149405882155437,
    "经济人口类": 0.12719394211049542,
    "气候环境类": 0.053554818446797846,
    "城市水资源类": 0.007886132353465228,
    "航空出行类": 0.13292022365503453,
    "废弃物管理类": 0.08416344999458364,
    "比赛因素类": 0.18874305436354882,
    "比赛间交通时间类": 0.2537232983749512
  },
  "top_state": "CA",
  "top_score": 100.0
}