{
  "能源消费类": {
    "weights": {
      "barrels": 0.0011055129753859607,
      "barrels-per-capita": 0.0016985324487734867,
      "biodiesel": 0.05974308416974842,
      "biomass": 0.001409045045226182,
      "btu": 0.0012035361345708838,
      "btu-biofuels": 0.056893669307740674,
      "btu-coal": 0.08652884639506955,
      "btu-crude-oil": 0.10487827389381175,
      "btu-natural-gas": 0.08368518666058931,
      "btu-nuclear-electric-power": 0.040834763436031034,
      "btu-other-renewables": 0.03346162922618377,
      "btu-per-capita": 0.0017767689219190521,
      "btu-total-primary-energy": 0.05379230114676386,
      "btu-total-renewables": 0.021275944499603842,
      "btu-wood-and-waste": 0.026121463465652965,
      "coal": 0.029528705073062808,
      "commercial-sector": 0.0021492642605503557,
      "crude-oil": 0.10487826840599465,
      "cubic-feet": 0.0012704711034905612,
      "cubic-feet-per-capita": 0.0015930751166788673,
      "fuel-ethanol": 0.07343907695799716,
      "gdp-energy-consumption-per-real-gdp": 0.00246527897323575,
      "gdp-total-consumption": 0.0012401921004309728,
      "geothermal": 0.001076115302934332,
      "hydropower": 0.0013478521182117252,
      "nuclear": 0.040834763436031034,
      "nuclear-electric-power": 0.04083471003567051,
      "renewable-diesel": 0.09296787413348927,
      "residential-sector": 0.002519261621311318,
      "solar-energy": 0.0011571274127252337,
      "total-consumption": 0.001240180078562911,
      "total-per-capita": 0.001826192747447177,
      "total-renewable-energy": 0.022111611506929998,
      "transportation-sector": 0.001984634925876858,
      "wind-energy": 0.001126786962297645
    },
    "feature_stats": {
      "barrels": {
        "minimum": 3420.0,
        "maximum": 1591984.0,
        "orientation": "cost",
        "weight": 0.0011055129753859607
      },
      "barrels-per-capita": {
        "minimum": 5.0,
        "maximum": 83.6,
        "orientation": "cost",
        "weight": 0.0016985324487734867
      },
      "biodiesel": {
        "minimum": 0.0,
        "maximum": 8333.0,
        "orientation": "benefit",
        "weight": 0.05974308416974842
      },
      "biomass": {
        "minimum": 1984.0,
        "maximum": 612607.0,
        "orientation": "cost",
        "weight": 0.001409045045226182
      },
      "btu": {
        "minimum": 22249.0,
        "maximum": 6102164.5,
        "orientation": "cost",
        "weight": 0.0012035361345708838
      },
      "btu-biofuels": {
        "minimum": 0.0,
        "maximum": 611541.0,
        "orientation": "benefit",
        "weight": 0.056893669307740674
      },
      "btu-coal": {
        "minimum": 0.0,
        "maximum": 4133004.0,
        "orientation": "benefit",
        "weight": 0.08652884639506955
      },
      "btu-crude-oil": {
        "minimum": 0.0,
        "maximum": 11443509.0,
        "orientation": "benefit",
        "weight": 0.10487827389381175
      },
      "btu-natural-gas": {
        "minimum": 0.0,
        "maximum": 14311730.0,
        "orientation": "benefit",
        "weight": 0.08368518666058931
      },
      "btu-nuclear-electric-power": {
        "minimum": 0.0,
        "maximum": 1019691.0,
        "orientation": "benefit",
        "weight": 0.040834763436031034
      },
      "btu-other-renewables": {
        "minimum": 811.0,
        "maximum": 524902.0,
        "orientation": "benefit",
        "weight": 0.03346162922618377
      },
      "btu-per-capita": {
        "minimum": 32.400000000000006,
        "maximum": 487.75,
        "orientation": "cost",
        "weight": 0.0017767689219190521
      },
      "btu-total-primary-energy": {
        "minimum": 1825.0,
        "maximum": 27104730.0,
        "orientation": "benefit",
        "weight": 0.05379230114676386
      },
      "btu-total-renewables": {
        "minimum": 1825.0,
        "maximum": 782941.0,
        "orientation": "benefit",
        "weight": 0.021275944499603842
      },
      "btu-wood-and-waste": {
        "minimum": 716.0,
        "maximum": 231967.0,
        "orientation": "benefit",
        "weight": 0.026121463465652965
      },
      "coal": {
        "minimum": 0.0,
        "maximum": 273164.06666666665,
        "orientation": "benefit",
        "weight": 0.029528705073062808
      },
      "commercial-sector": {
        "minimum": 5885.97,
        "maximum": 393873.61,
        "orientation": "cost",
        "weight": 0.0021492642605503557
      },
      "crude-oil": {
        "minimum": 0.0,
        "maximum": 2011515.0,
        "orientation": "benefit",
        "weight": 0.10487826840599465
      },
      "cubic-feet": {
        "minimum": 2983.0,
        "maximum": 5196619.0,
        "orientation": "cost",
        "weight": 0.0012704711034905612
      },
      "cubic-feet-per-capita": {
        "minimum": 2.1,
        "maximum": 609.6,
        "orientation": "cost",
        "weight": 0.0015930751166788673
      },
      "fuel-ethanol": {
        "minimum": 0.0,
        "maximum": 99690.0,
        "orientation": "benefit",
        "weight": 0.07343907695799716
      },
      "gdp-energy-consumption-per-real-gdp": {
        "minimum": 0.93,
        "maximum": 16.76,
        "orientation": "cost",
        "weight": 0.00246527897323575
      },
      "gdp-total-consumption": {
        "minimum": 113104.0,
        "maximum": 14137451.0,
        "orientation": "cost",
        "weight": 0.0012401921004309728
      },
      "geothermal": {
        "minimum": 21.0,
        "maximum": 40578.0,
        "orientation": "cost",
        "weight": 0.001076115302934332
      },
      "hydropower": {
        "minimum": 0.0,
        "maximum": 209653.0,
        "orientation": "cost",
        "weight": 0.0013478521182117252
      },
      "nuclear": {
        "minimum": 0.0,
        "maximum": 1019691.0,
        "orientation": "benefit",
        "weight": 0.040834763436031034
      },
      "nuclear-electric-power": {
        "minimum": 0.0,
        "maximum": 97559.0,
        "orientation": "benefit",
        "weight": 0.04083471003567051
      },
      "renewable-diesel": {
        "minimum": 0.0,
        "maximum": 22405.0,
        "orientation": "benefit",
        "weight": 0.09296787413348927
      },
      "residential-sector": {
        "minimum": 7690.679999999999,
        "maximum": 398436.7075,
        "orientation": "cost",
        "weight": 0.002519261621311318
      },
      "solar-energy": {
        "minimum": 12.0,
        "maximum": 253676.0,
        "orientation": "cost",
        "weight": 0.0011571274127252337
      },
      "total-consumption": {
        "minimum": 56639.2,
        "maximum": 7068955.55,
        "orientation": "cost",
        "weight": 0.001240180078562911
      },
      "total-per-capita": {
        "minimum": 6109.0,
        "maximum": 35742.0,
        "orientation": "cost",
        "weight": 0.001826192747447177
      },
      "total-renewable-energy": {
        "minimum": 2795.0,
        "maximum": 1065179.0,
        "orientation": "benefit",
        "weight": 0.022111611506929998
      },
      "transportation-sector": {
        "minimum": 4470.6725,
        "maximum": 850434.4199999999,
        "orientation": "cost",
        "weight": 0.001984634925876858
      },
      "wind-energy": {
        "minimum": 0.0,
        "maximum": 408946.0,
        "orientation": "cost",
        "weight": 0.001126786962297645
      }
    }
  },
  "能源价格类": {
    "weights": {
      "coal-expenditures": 0.04746721674363849,
      "coal-prices": 0.15767452793384865,
      "electricity-expenditures": 0.03999913456091582,
      "electricity-prices": 0.03880423571854984,
      "expenditures": 0.03434813317456739,
      "expenditures-per-capita": 0.16783136467144533,
      "gdp-expenditures": 0.04027844070930917,
      "gdp-expenditures-per-capita": 0.039511735580866694,
      "gdp-expenditures-per-gdp": 0.09229058848418535,
      "gdp-prices": 0.06591575269644204,