{
  "能源消费类": {
    "weights": {
      "barrels": 0.0018102978667712236,
      "barrels-per-capita": 0.0027813781810953806,
      "btu": 0.0019708125960575893,
      "btu-coal": 0.14169258030506743,
      "btu-crude-oil": 0.17174010593076086,
      "btu-natural-gas": 0.13703603509413895,
      "btu-nuclear-electric-power": 0.06686767752549104,
      "btu-per-capita": 0.0029094918474136563,
      "btu-total-primary-energy": 0.08808588427531044,
      "coal": 0.0483537986368903,
      "commercial-sector": 0.0035194598278175493,
      "crude-oil": 0.17174009694435924,
      "cubic-feet": 0.002080419840970645,
      "cubic-feet-per-capita": 0.0026086898566913875,
      "gdp-energy-consumption-per-real-gdp": 0.0040369397425539305,
      "gdp-total-consumption": 0.0020308374155562393,
      "natural-gas": 0.002109109695848419,
      "nuclear": 0.06686767752549104,
      "nuclear-electric-power": 0.06686759008141677,
      "residential-sector": 0.0041253373234323865,
      "total": 0.0024946612260477096,
      "total-consumption": 0.00203081772952578,
      "total-per-capita": 0.0029904242723723055,
      "transportation-sector": 0.0032498762589197264
    },
    "feature_stats": {
      "barrels": {
        "minimum": 3420.0,
        "maximum": 1591984.0,
        "orientation": "cost",
        "weight": 0.0018102978667712236
      },
      "barrels-per-capita": {
        "minimum": 5.0,
        "maximum": 83.6,
        "orientation": "cost",
        "weight": 0.0027813781810953806
      },
      "btu": {
        "minimum": 22249.0,
        "maximum": 6102164.5,
        "orientation": "cost",
        "weight": 0.0019708125960575893
      },
      "btu-coal": {
        "minimum": 0.0,
        "maximum": 4133004.0,
        "orientation": "benefit",
        "weight": 0.14169258030506743
      },
      "btu-crude-oil": {
        "minimum": 0.0,
        "maximum": 11443509.0,
        "orientation": "benefit",
        "weight": 0.17174010593076086
      },
      "btu-natural-gas": {
        "minimum": 0.0,
        "maximum": 14311730.0,
        "orientation": "benefit",
        "weight": 0.13703603509413895
      },
      "btu-nuclear-electric-power": {
        "minimum": 0.0,
        "maximum": 1019691.0,
        "orientation": "benefit",
        "weight": 0.06686767752549104
      },
      "btu-per-capita": {
        "minimum": 32.400000000000006,
        "maximum": 487.75,
        "orientation": "cost",
        "weight": 0.0029094918474136563
      },
      "btu-total-primary-energy": {
        "minimum": 1825.0,
        "maximum": 27104730.0,
        "orientation": "benefit",
        "weight": 0.08808588427531044
      },
      "coal": {
        "minimum": 0.0,
        "maximum": 273164.06666666665,
        "orientation": "benefit",
        "weight": 0.0483537986368903
      },
      "commercial-sector": {
        "minimum": 5885.97,
        "maximum": 393873.61,
        "orientation": "cost",
        "weight": 0.0035194598278175493
      },
      "crude-oil": {
        "minimum": 0.0,
        "maximum": 2011515.0,
        "orientation": "benefit",
        "weight": 0.17174009694435924
      },
      "cubic-feet": {
        "minimum": 2983.0,
        "maximum": 5196619.0,
        "orientation": "cost",
        "weight": 0.002080419840970645
      },
      "cubic-feet-per-capita": {
        "minimum": 2.1,
        "maximum": 609.6,
        "orientation": "cost",
        "weight": 0.0026086898566913875
      },
      "gdp-energy-consumption-per-real-gdp": {
        "minimum": 0.93,
        "maximum": 16.76,
        "orientation": "cost",
        "weight": 0.0040369397425539305
      },
      "gdp-total-consumption": {
        "minimum": 113104.0,
        "maximum": 14137451.0,
        "orientation": "cost",
        "weight": 0.0020308374155562393
      },
      "natural-gas": {
        "minimum": 50.666666666666664,
        "maximum": 5603928.033333334,
        "orientation": "cost",
        "weight": 0.002109109695848419
      },
      "nuclear": {
        "minimum": 0.0,
        "maximum": 1019691.0,
        "orientation": "benefit",
        "weight": 0.06686767752549104
      },
      "nuclear-electric-power": {
        "minimum": 0.0,
        "maximum": 97559.0,
        "orientation": "benefit",
        "weight": 0.06686759008141677
      },
      "residential-sector": {
        "minimum": 7690.679999999999,
        "maximum": 398436.7075,
        "orientation": "cost",
        "weight": 0.0041253373234323865
      },
      "total": {
        "minimum": 1721.852,
        "maximum": 133617.074,
        "orientation": "cost",
        "weight": 0.0024946612260477096
      },
      "total-consumption": {
        "minimum": 56639.2,
        "maximum": 7068955.55,
        "orientation": "cost",
        "weight": 0.00203081772952578
      },
      "total-per-capita": {
        "minimum": 6109.0,
        "maximum": 35742.0,
        "orientation": "cost",
        "weight": 0.0029904242723723055
      },
      "transportation-sector": {
        "minimum": 4470.6725,
        "maximum": 850434.4199999999,
        "orientation": "cost",
        "weight": 0.0032498762589197264
      }
    }
  },
  "能源价格类": {
    "weights": {
      "coal-expenditures": 0.04746721674363849,
      "coal-prices": 0.15767452793384865,
      "electricity-expenditures": 0.03999913456091582,
      "electricity-prices": 0.03880423571854984,
      "expenditures": 0.03434813317456739,
      "expenditures-per-capita": 0.16783136467144533,
      "gdp-expenditures": 0.04027844070930917,
      "gdp-expenditures-per-capita": 0.039511735580866694,
      "gdp-expenditures-per-gdp": 0.09229058848418535,
      "gdp-prices": 0.06591575269644204,
      "industrial-sector": 0.023527323816736476,
      "natural-gas-expenditures": 0.030815115236581127,
      "natural-gas-prices": 0.023089762524846277,
      "petroleum-expenditures": 0.04547613696946357,
      "petroleum-prices": 0.08029376369274294,
      "prices": 0.07267676748586083
    },
    "feature_stats": {
      "coal-expenditures": {
        "minimum": 0.0,
        "maximum": 2541.4,
        "orientation": "cost",
        "weight": 0.04746721674363849
      },
      "coal-prices": {
        "minimum": 0.0,
        "maximum": 6.03,
        "orientation": "cost",
        "weight": 0.15767452793384865
      },
      "electricity-expenditures": {
        "minimum": 940.4,
        "maximum": 59189.0,
        "orientation": "cost",
        "weight": 0.03999913456091582
      },
      "electricity-prices": {
        "minimum": 23.54,
        "maximum": 113.17,
        "orientation": "cost",
        "weight": 0.03880423571854984
      },
      "expenditures": {
        "minimum": 372.6,
        "maximum": 61287.5,
        "orientation": "cost",
        "weight": 0.03434813317456739
      },
      "expenditures-per-capita": {
        "minimum": 542.1,
        "maximum": 1922.1,
        "orientation": "cost",
        "weight": 0.16783136467144533
      },
      "gdp-expenditures": {
        "minimum": 2545.6,
        "maximum": 195099.6,
        "orientation": "cost",
        "weight": 0.04027844070930917
      },
      "gdp-expenditures-per-capita": {
        "minimum": 3703.7,
        "maximum": 12155.9,
        "orientation": "cost",
        "weight": 0.039511735580866694
      },
      "gdp-expenditures-per-gdp": {
        "minimum": 1.44,
        "maximum": 13.16,
        "orientation": "benefit",
        "weight": 0.09229058848418535
      },
      "gdp-prices": {
        "minimum": 12.42,
        "maximum": 40.33,
        "orientation": "cost",
        "weight": 0.06591575269644204
      },
      "industrial-sector": {
        "minimum": 1096.7075,
        "maximum": 1935230.8475,
        "orientation": "cost",
        "weight": 0.023527323816736476
      },
      "natural-gas-expenditures": {
        "minimum": 125.4,
        "maximum": 27338.0,
        "orientation": "cost",
        "weight": 0.030815115236581127
      },