{
  "能源消费类": {
    "weights": {
      "barrels": 0.0010866997657439426,
      "barrels-per-capita": 0.0016696274537584895,
      "biodiesel": 0.058726398529533465,
      "biomass": 0.0013850664394376498,
      "btu": 0.0011830548031749124,
      "btu-biofuels": 0.055925473952442836,
      "btu-coal": 0.08505633059149512,
      "btu-crude-oil": 0.10309349434116252,
      "btu-natural-gas": 0.08226106320330702,
      "btu-nuclear-electric-power": 0.04013985258260024,
      "btu-other-renewables": 0.03289219163511806,
      "btu-per-capita": 0.0017465325276317617,
      "btu-total-primary-energy": 0.05287688372414399,
      "btu-total-renewables": 0.020913878370019748,
      "btu-wood-and-waste": 0.025676938092113973,
      "coal": 0.0028289827569753893,
      "commercial-sector": 0.002112688878795371,
      "crude-oil": 0.10309348894673506,
      "cubic-feet": 0.0012488506976280705,
      "cubic-feet-per-capita": 0.0015659647554141353,
      "fuel-ethanol": 0.07218931799406936,
      "gdp-energy-consumption-per-real-gdp": 0.002423325770349686,
      "gdp-total-consumption": 0.0012190869714082792,
      "geothermal": 0.0010578023719748204,
      "hydropower": 0.0013249148709510111,
      "industrial-sector": 0.001058089500556,
      "natural-gas": 0.0435091453393041,
      "nuclear": 0.04013985258260024,
      "nuclear-electric-power": 0.04013980009098725,
      "petroleum": 0.0011239976658007423,
      "renewable-diesel": 0.09138578134490354,
      "solar-energy": 0.0011374358477388294,
      "total-consumption": 0.0012190751541239077,
      "total-per-capita": 0.0017951152768345302,
      "total-renewable-energy": 0.02173532430626869,
      "transportation-sector": 0.0019508611450577257,
      "wind-energy": 0.0011076117198395479
    },
    "feature_stats": {
      "barrels": {
        "minimum": 3420.0,
        "maximum": 1591984.0,
        "orientation": "cost",
        "weight": 0.0010866997657439426
      },
      "barrels-per-capita": {
        "minimum": 5.0,
        "maximum": 83.6,
        "orientation": "cost",
        "weight": 0.0016696274537584895
      },
      "biodiesel": {
        "minimum": 0.0,
        "maximum": 8333.0,
        "orientation": "benefit",
        "weight": 0.058726398529533465
      },
      "biomass": {
        "minimum": 1984.0,
        "maximum": 612607.0,
        "orientation": "cost",
        "weight": 0.0013850664394376498
      },
      "btu": {
        "minimum": 22249.0,
        "maximum": 6102164.5,
        "orientation": "cost",
        "weight": 0.0011830548031749124
      },
      "btu-biofuels": {
        "minimum": 0.0,
        "maximum": 611541.0,
        "orientation": "benefit",
        "weight": 0.055925473952442836
      },
      "btu-coal": {
        "minimum": 0.0,
        "maximum": 4133004.0,
        "orientation": "benefit",
        "weight": 0.08505633059149512
      },
      "btu-crude-oil": {
        "minimum": 0.0,
        "maximum": 11443509.0,
        "orientation": "benefit",
        "weight": 0.10309349434116252
      },
      "btu-natural-gas": {
        "minimum": 0.0,
        "maximum": 14311730.0,
        "orientation": "benefit",
        "weight": 0.08226106320330702
      },
      "btu-nuclear-electric-power": {
        "minimum": 0.0,
        "maximum": 1019691.0,
        "orientation": "benefit",
        "weight": 0.04013985258260024
      },
      "btu-other-renewables": {
        "minimum": 811.0,
        "maximum": 524902.0,
        "orientation": "benefit",
        "weight": 0.03289219163511806
      },
      "btu-per-capita": {
        "minimum": 32.400000000000006,
        "maximum": 487.75,
        "orientation": "cost",
        "weight": 0.0017465325276317617
      },
      "btu-total-primary-energy": {
        "minimum": 1825.0,
        "maximum": 27104730.0,
        "orientation": "benefit",
        "weight": 0.05287688372414399
      },
      "btu-total-renewables": {
        "minimum": 1825.0,
        "maximum": 782941.0,
        "orientation": "benefit",
        "weight": 0.020913878370019748
      },
      "btu-wood-and-waste": {
        "minimum": 716.0,
        "maximum": 231967.0,
        "orientation": "benefit",
        "weight": 0.025676938092113973
      },
      "coal": {
        "minimum": 0.0,
        "maximum": 273164.06666666665,
        "orientation": "cost",
        "weight": 0.0028289827569753893
      },
      "commercial-sector": {
        "minimum": 5885.97,
        "maximum": 393873.61,
        "orientation": "cost",
        "weight": 0.002112688878795371
      },
      "crude-oil": {
        "minimum": 0.0,
        "maximum": 2011515.0,
        "orientation": "benefit",
        "weight": 0.10309348894673506
      },
      "cubic-feet": {
        "minimum": 2983.0,
        "maximum": 5196619.0,
        "orientation": "cost",
        "weight": 0.0012488506976280705
      },
      "cubic-feet-per-capita": {
        "minimum": 2.1,
        "maximum": 609.6,
        "orientation": "cost",
        "weight": 0.0015659647554141353
      },
      "fuel-ethanol": {
        "minimum": 0.0,
        "maximum": 99690.0,
        "orientation": "benefit",
        "weight": 0.07218931799406936
      },
      "gdp-energy-consumption-per-real-gdp": {
        "minimum": 0.93,
        "maximum": 16.76,
        "orientation": "cost",
        "weight": 0.002423325770349686
      },
      "gdp-total-consumption": {
        "minimum": 113104.0,
        "maximum": 14137451.0,
        "orientation": "cost",
        "weight": 0.0012190869714082792
      },
      "geothermal": {
        "minimum": 21.0,
        "maximum": 40578.0,
        "orientation": "cost",
        "weight": 0.0010578023719748204
      },
      "hydropower": {
        "minimum": 0.0,
        "maximum": 209653.0,
        "orientation": "cost",
        "weight": 0.0013249148709510111
      },
      "industrial-sector": {
        "minimum": 1096.7075,
        "maximum": 1935230.8475,
        "orientation": "cost",
        "weight": 0.001058089500556
      },
      "natural-gas": {
        "minimum": 50.666666666666664,
        "maximum": 5603928.033333334,
        "orientation": "benefit",
        "weight": 0.0435091453393041
      },
      "nuclear": {
        "minimum": 0.0,
        "maximum": 1019691.0,
        "orientation": "benefit",
        "weight": 0.04013985258260024
      },
      "nuclear-electric-power": {
        "minimum": 0.0,
        "maximum": 97559.0,
        "orientation": "benefit",
        "weight": 0.04013980009098725
      },
      "petroleum": {
        "minimum": 8646.55,
        "maximum": 3376333.8,
        "orientation": "cost",
        "weight": 0.0011239976658007423
      },
      "renewable-diesel": {
        "minimum": 0.0,
        "maximum": 22405.0,
        "orientation": "benefit",
        "weight": 0.09138578134490354
      },
      "solar-energy": {
        "minimum": 12.0,
        "maximum": 253676.0,
        "orientation": "cost",
        "weight": 0.0011374358477388294
      },
      "total-consumption": {
        "minimum": 56639.2,
        "maximum": 7068955.55,
        "orientation": "cost",
        "weight": 0.0012190751541239077
      },
      "total-per-capita": {
        "minimum": 6109.0,
        "maximum": 35742.0,
        "orientation": "cost",
        "weight": 0.0017951152768345302
      },
      "total-renewable-energy": {
        "minimum": 2795.0,
        "maximum": 1065179.0,
        "orientation": "benefit",
        "weight": 0.02173532430626869
      },
      "transportation-sector": {
        "minimum": 4470.6725,
        "maximum": 850434.4199999999,
        "orientation": "cost",
        "weight": 0.0019508611450577257
      },
      "wind-energy": {
        "minimum": 0.0,
        "maximum": 408946.0,
        "orientation": "cost",
        "weight": 0.0011076117198395479
      }
    }
  },
  "能源价格类": {
    "weights": {
      "coal-expenditures": 0.04457705925797189,
      "coal-prices": 0.14807412899602734,