{
  "year": 2023,
  "states": 51,
  "categories": 5,
  "category_counts": {
    "能源消费类": {
      "total": 36,
      "available": 35
    },
    "能源价格类": {
      "total": 18,
      "available": 18
    },
    "碳排放类": {
      "total": 9,
      "available": 9
    },
    "经济人口类": {
      "total": 4,
      "available": 4
    },
    "气候环境类": {
      "total": 4,
      "available": 4
    }
  },
  "category_merge_weights": {
    "能源消费类": 0.278922293567292,
    "能源价格类": 0.02078621536209393,
    "碳排放类": 0.15527219024412428,
    "经济人口类": 0.38353321585546013,
    "气候环境类": 0.1614860849710297
  },
  "top_state": "TX",
  "top_score": 100.0
}