{
  "year": 2023,
  "states": 51,
  "categories": 9,
  "category_counts": {
    "能源消费类": {
      "total": 38,
      "available": 37
    },
    "能源价格类": {
      "total": 17,
      "available": 17
    },
    "碳排放类": {
      "total": 8,
      "available": 8
    },
    "经济人口类": {
      "total": 4,
      "available": 4
    },
    "气候环境类": {
      "total": 4,
      "available": 4
    },
    "城市水资源类": {
      "total": 5,
      "available": 5
    },
    "航空出行类": {
      "total": 4,
      "available": 4
    },
    "废弃物管理类": {
      "total": 4,
      "available": 2
    },
    "比赛因素类": {
      "total": 3,
      "available": 3
    }
  },
  "category_merge_weights": {
    "能源消费类": 0.13667052808436092,
    "能源价格类": 0.009529622222165192,
    "碳排放类": 0.029949720113047085,
    "经济人口类": 0.17627503946631903,
    "气候环境类": 0.0742203408328978,
    "城市水资源类": 0.010929202041997188,
    "航空出行类": 0.1842109559770441,
    "废弃物管理类": 0.11664011055281706,
    "比赛因素类": 0.26157448070935163
  },
  "top_state": "TX",
  "top_score": 100.0
}