{
  "year": 2023,
  "states": 51,
  "categories": 11,
  "category_counts": {
    "能源消费类": {
      "total": 24,
      "available": 24
    },
    "能源价格类": {
      "total": 16,
      "available": 16
    },
    "碳排放类": {
      "total": 9,
      "available": 9
    },
    "经济人口类": {
      "total": 4,
      "available": 4
    },
    "气候环境类": {
      "total": 4,
      "available": 4
    },
    "城市水资源类": {
      "total": 5,
      "available": 5
    },
    "航空出行类": {
      "total": 4,
      "available": 4
    },
    "废弃物管理类": {
      "total": 5,
      "available": 1
    },
    "可再生能源类": {
      "total": 13,
      "available": 12
    },
    "比赛因素类": {
      "total": 3,
      "available": 3
    },
    "比赛间交通时间类": {
      "total": 2,
      "available": 2
    }
  },
  "category_merge_weights": {
    "能源消费类": 0.11082482161356211,
    "能源价格类": 0.005872845039359154,
    "碳排放类": 0.04289741723435008,
    "经济人口类": 0.1059596335822687,
    "气候环境类": 0.04461414470712737,
    "城市水资源类": 0.006569587204306795,
    "航空出行类": 0.11072994484222773,
    "废弃物管理类": 0.09155338266099161,
    "可再生能源类": 0.11237912294855316,
    "比赛因素类": 0.15723347000430474,
    "比赛间交通时间类": 0.21136563016294854
  },
  "top_state": "CA",
  "top_score": 100.0
}